name,surName,address,zipCode,nationalId,birthDate
Sheryl,Baxter,Rasmussen Group,3861599313,130687138,8/24/2020
Preston,Lozano,Vega-Gentry,3861599313,131672819,4/23/2021
Roy,Berry,Murillo-Perry,3861599313,307367738,3/25/2020
Linda,Olsen,"Dominguez, Mcmillan and Donovan",3861599313,215658353,6/2/2020
Joanna,Bender,"Martin, Lang and Andrade",3861599313,169970671,4/17/2021
Aimee,Downs,Steele Group,3861599313,194800423,2/25/2020
Darren,Peck,"Lester, Woodard and Mitchell",3861599313,321506324,8/24/2021
Brett,Mullen,"Sanford, Davenport and Giles",3861599313,138397260,4/12/2021
Sheryl,Meyers,Browning-Simon,3861599313,432312781,1/13/2020
Michelle,Gallagher,Beck-Hendrix,3861599313,267413637,11/8/2021
Carl,Schroeder,"Oconnell, Meza and Everett",3861599313,6580564,10/20/2021
Jenna,Dodson,"Hoffman, Reed and Mcclain",3861599313,12158240,11/29/2020
Tracey,Mata,Graham-Francis,3861599313,465554784,12/2/2021
Kristine,Cox,Carpenter-Cook,3861599313,335092578,2/8/2021
Faith,Lutz,Carter-Hancock,3861599313,393230821,1/26/2022
Miranda,Beasley,Singleton and Sons,3861599313,165800356,4/12/2022
Caroline,Foley,Winters-Mendoza,3861599313,330382152,3/10/2021
Greg,Mata,Valentine LLC,3981795233,189888008,3/26/2022
Clifford,Jacobson,Simon LLC,3981795233,337187126,9/24/2020
Joanna,Kirk,Mays-Mccormick,3981795233,204416574,9/24/2021
Maxwell,Frye,Patterson Inc,3981795233,363607439,1/12/2022
Kiara,Houston,"Manning, Hester and Arroyo",3981795233,144903504,9/15/2020
Colleen,Howard,Greer and Sons,3981795233,364686456,8/19/2020
Janet,Valenzuela,Watts-Donaldson,3981795233,399136185,9/8/2020
Shane,Wilcox,Tucker LLC,3981795233,255476361,4/6/2021
Marcus,Moody,Giles Ltd,3981795233,305002708,5/24/2022
Dakota,Poole,Simmons Group,3981795233,20292880,2/20/2022
Frederick,Harper,"Hinton, Chaney and Stokes",3981795233,35513179,5/26/2022
Stefanie,Fitzpatrick,Santana-Duran,3981795233,108213031,7/30/2020
Kent,Bradshaw,Sawyer PLC,3981795233,59454059,4/26/2020
Jack,Tate,"Acosta, Petersen and Morrow",3981795233,142866350,9/15/2021
Tom,Trujillo,Mcgee Group,3981795233,112951848,1/13/2022
Gabriel,Mejia,Adkins-Salinas,3981795233,307302962,4/24/2021
Kaitlyn,Santana,Herrera Group,3981795233,363194886,9/21/2021
Faith,Moon,"Waters, Chase and Aguilar",3861599313,214738647,11/3/2021
Tammie,Haley,"Palmer, Barnes and Houston",3861599313,447838865,1/4/2022
Nicholas,Sosa,Jordan Ltd,3861599313,215492188,8/10/2021
Jordan,Gay,Glover and Sons,3861599313,166296880,2/24/2021
Bruce,Esparza,Huerta-Mclean,5514472864,494149191,10/22/2021
Sherry,Garza,Anderson Ltd,5514472864,205007414,11/1/2021
Natalie,Gentry,Monroe PLC,5514472864,252394100,10/10/2020
Bryan,Dunn,Kaufman and Sons,5514472864,440653355,9/8/2021
Wayne,Simpson,Perkins-Trevino,5514472864,259566012,12/13/2020
Luis,Greer,Cross PLC,5514472864,151572224,5/15/2022
Rhonda,Frost,"Herrera, Shepherd and Underwood",5514472864,267788010,12/6/2021
Joanne,Montes,"Price, Sexton and Mcdaniel",5514472864,110509579,7/1/2020
Geoffrey,Guzman,Short-Wiggins,5514472864,174346093,4/23/2020
Gloria,Mccall,"Brennan, Acosta and Ramos",5514472864,392428857,3/11/2022
Brady,Cohen,Osborne-Erickson,5514472864,438407954,3/10/2022
Latoya,Mccann,"Hobbs, Garrett and Sanford",5514472864,193728656,12/2/2021
Gerald,Hawkins,"Phelps, Forbes and Koch",5514472864,55682944,3/19/2021
Samuel,Crawford,"May, Goodwin and Martin",5514472864,83923209,3/27/2021
Patricia,Goodwin,"Christian, Winters and Ellis",5514472864,153520035,3/8/2021
Stacie,Richard,Byrd Inc,5514472864,376899379,10/15/2020
Robin,West,"Nixon, Blackwell and Sosa",5514472864,187975401,1/13/2022
Ralph,Haas,Montes PLC,9999857446,474655237,5/25/2020
Phyllis,Maldonado,Costa PLC,9999857446,74208901,1/25/2021
Danny,Parrish,Novak LLC,9999857446,1229340,3/17/2021
Kathy,Hill,"Moore, Mccoy and Glass",9999857446,61272616,11/15/2020
Kelli,Hardy,Petty Ltd,9999857446,61272616,12/20/2020
Lynn,Pham,"Brennan, Camacho and Tapia",9999857446,61272616,8/21/2020
Shelley,Harris,"Prince, Malone and Pugh",9999857446,61272616,12/10/2020
Eddie,Jimenez,Caldwell Group,9999857446,61272616,3/24/2022
Chloe,Hutchinson,Simon LLC,9999857446,61272616,5/15/2022
Eileen,Lynch,"Knight, Abbott and Hubbard",9999857446,61272616,1/2/2021
Fernando,Lambert,Church-Banks,9999857446,61272616,4/23/2021
Makayla,Cannon,Henderson Inc,9999857446,61272616,1/20/2020
Tom,Alvarado,Donaldson-Dougherty,9999857446,61272616,8/18/2020
Virginia,Dudley,Warren Ltd,9999857446,61272616,1/31/2021
Riley,Good,Wade PLC,9999857446,61272616,2/3/2020
Alexandria,Buck,Keller-Coffey,9999857446,61272616,2/20/2021
Richard,Roth,Conway-Mcbride,9999857446,61272616,2/23/2020
Candice,Keller,Huynh and Sons,9999857446,61272616,8/22/2020
Anita,Benson,Parrish Ltd,9999857446,61272616,2/9/2020
Regina,Stein,Guzman-Brown,9999857446,61272616,1/15/2022
Debra,Riddle,"Chang, Aguirre and Leblanc",9999857446,61272616,7/11/2020
Brittany,Zuniga,Mason-Hester,9999857446,61272616,7/24/2021
Cassidy,Mcmahon,"Mcguire, Huynh and Hopkins",9999857446,61272616,10/21/2020
Laurie,Pennington,"Sanchez, Marsh and Hale",9999857446,61272616,6/8/2020
Alejandro,Blair,"Combs, Waller and Durham",9999857446,61272616,9/19/2020
Leslie,Jennings,Blankenship-Arias,9999857446,61272616,11/13/2021
Kathleen,Mckay,"Coffey, Lamb and Johnson",9999857446,61272616,9/12/2021
Hunter,Moreno,Fitzpatrick-Lawrence,9999857446,61272616,12/28/2020
Chad,Davidson,Garcia-Jimenez,9999857446,61272616,11/15/2021
Corey,Holt,"Mcdonald, Bird and Ramirez",9999857446,61272616,2/18/2020
Emma,Cunningham,Stephens Inc,9999857446,61272616,5/13/2022
Duane,Woods,Montoya-Miller,9999857446,61272616,7/21/2020
Alison,Vargas,"Vaughn, Watts and Leach",9999857446,61272616,11/10/2020
Vernon,Kane,Carter-Strickland,9999857446,61272616,4/15/2021
Lori,Flowers,Decker-Mcknight,9999857446,61272616,1/9/2021
Nina,Chavez,Byrd-Campbell,9999857446,61272616,3/26/2020
Shane,Foley,Rocha-Hart,9999857446,61272616,7/6/2021
Collin,Ayers,Lamb-Peterson,9999857446,61272616,6/29/2021
Sherry,Young,"Lee, Lucero and Johnson",9999857446,61272616,4/4/2021
Darrell,Douglas,"Newton, Petersen and Mathis",9999857446,61272616,2/17/2022
Karl,Greer,Carey LLC,9999857446,61272616,1/30/2022
Lynn,Atkinson,"Ware, Burns and Oneal",9999857446,61272616,7/10/2021
Fred,Guerra,Schmitt-Jones,9999857446,61272616,9/18/2021
Yvonne,Farmer,Fitzgerald-Harrell,9999857446,61272616,8/11/2021
Clarence,Haynes,"Le, Nash and Cross",9999857446,61272616,3/11/2020
